Subject_name,100,99,98,97,96,95,94,93,92,91,90,89,88,87,86,85,84,83,82,81,80,79,78,77,76,75,74,73,72,71,70,69,68,67,66,65,64,63,62,61,60,59,58,57,56,55,54,53,52,51,50,49,48,47,46,45,44,43,42,41,40,39,38,37,36,35,34,33,32,31,30,29,28,27,26,25,24,23,22,21,20,19,18,17,16,15,14,13,12,11,10,9,8,7,6,5,4,3,2,1,0
Aboriginal and Torres Strait Islander Studies,87.98,87.08,86.12,85.1,84.02,82.88,81.67,80.4,79.06,77.66,76.19,74.66,73.06,71.4,69.68,67.91,66.08,64.2,62.27,60.31,58.31,56.29,54.24,52.18,50.12,48.05,45.99,43.94,41.91,39.91,37.95,36.02,34.13,32.3,30.52,28.79,27.12,25.52,23.98,22.5,21.09,19.75,18.47,17.26,16.11,15.02,13.99,13.03,12.12,11.26,10.46,9.71,9.01,8.36,7.74,7.17,6.64,6.15,5.69,5.26,4.86,4.49,4.15,3.83,3.54,3.27,3.02,2.78,2.57,2.37,2.18,2.01,1.86,1.71,1.58,1.46,1.34,1.24,1.14,1.05,0.97,0.89,0.82,0.76,0.7,0.64,0.59,0.54,0.5,0.46,0.42,0.39,0.36,0.33,0.31,0.28,0.26,0.24,0.22,0.2,0.19
Accounting,95.25,94.95,94.64,94.31,93.95,93.58,93.19,92.77,92.33,91.87,91.38,90.86,90.32,89.74,89.14,88.51,87.84,87.15,86.41,85.65,84.85,84.01,83.13,82.22,81.27,80.27,79.24,78.18,77.07,75.92,74.74,73.51,72.25,70.95,69.62,68.26,66.86,65.43,63.97,62.49,60.98,59.46,57.91,56.35,54.77,53.19,51.6,50,48.41,46.82,45.23,43.66,42.09,40.55,39.02,37.51,36.03,34.57,33.14,31.75,30.38,29.05,27.75,26.49,25.27,24.08,22.93,21.83,20.76,19.73,18.74,17.78,16.87,15.99,15.16,14.35,13.59,12.86,12.16,11.49,10.86,10.26,9.68,9.14,8.62,8.13,7.67,7.23,6.81,6.42,6.05,5.7,5.36,5.05,4.75,4.47,4.21,3.96,3.72,3.5,3.29
Aerospace Systems,93.83,93.47,93.08,92.67,92.24,91.79,91.31,90.81,90.28,89.73,89.14,88.53,87.89,87.22,86.51,85.78,85.01,84.21,83.37,82.49,81.59,80.64,79.66,78.64,77.59,76.5,75.37,74.21,73.01,71.78,70.51,69.21,67.88,66.52,65.13,63.72,62.28,60.82,59.34,57.85,56.33,54.81,53.28,51.74,50.2,48.66,47.12,45.58,44.06,42.54,41.04,39.56,38.1,36.65,35.23,33.84,32.47,31.13,29.82,28.55,27.31,26.1,24.93,23.79,22.69,21.63,20.6,19.61,18.66,17.74,16.86,16.01,15.2,14.42,13.67,12.96,12.28,11.63,11.01,10.42,9.86,9.33,8.82,8.33,7.87,7.44,7.02,6.63,6.26,5.91,5.57,5.26,4.96,4.68,4.41,4.16,3.92,3.69,3.48,3.28,3.09
Agricultural Science,89.24,88.47,87.66,86.8,85.89,84.93,83.91,82.84,81.71,80.53,79.29,77.99,76.64,75.22,73.76,72.23,70.66,69.03,67.35,65.63,63.87,62.07,60.23,58.37,56.48,54.57,52.65,50.72,48.78,46.86,44.94,43.03,41.15,39.29,37.46,35.67,33.92,32.21,30.55,28.93,27.37,25.86,24.4,23.01,21.67,20.38,19.16,17.99,16.88,15.82,14.82,13.87,12.97,12.12,11.32,10.57,9.86,9.2,8.57,7.98,7.43,6.92,6.44,5.99,5.57,5.18,4.81,4.47,4.15,3.85,3.58,3.32,3.08,2.86,2.65,2.46,2.28,2.11,1.96,1.82,1.68,1.56,1.45,1.34,1.24,1.15,1.07,0.99,0.91,0.85,0.78,0.73,0.67,0.62,0.58,0.53,0.49,0.46,0.42,0.39,0.36
Ancient History,93.27,92.84,92.39,91.92,91.41,90.88,90.32,89.73,89.11,88.45,87.76,87.03,86.27,85.47,84.64,83.76,82.84,81.89,80.89,79.85,78.77,77.64,76.48,75.27,74.03,72.74,71.42,70.05,68.65,67.22,65.75,64.25,62.72,61.17,59.59,58,56.38,54.76,53.12,51.48,49.83,48.18,46.54,44.91,43.28,41.67,40.08,38.51,36.96,35.44,33.95,32.48,31.06,29.66,28.31,26.99,25.71,24.47,23.28,22.12,21.01,19.93,18.9,17.91,16.96,16.06,15.19,14.36,13.57,12.81,12.1,11.41,10.76,10.15,9.56,9.01,8.48,7.98,7.51,7.07,6.65,6.25,5.87,5.52,5.19,4.87,4.58,4.3,4.03,3.79,3.55,3.33,3.13,2.93,2.75,2.58,2.42,2.27,2.13,2,1.87
Biology,94.21,93.75,93.26,92.73,92.17,91.56,90.91,90.22,89.48,88.69,87.86,86.97,86.02,85.02,83.95,82.83,81.65,80.41,79.1,77.73,76.29,74.8,73.24,71.62,69.95,68.22,66.43,64.6,62.73,60.82,58.87,56.9,54.9,52.89,50.86,48.84,46.82,44.81,42.81,40.84,38.9,36.99,35.12,33.3,31.53,29.8,28.14,26.53,24.98,23.49,22.07,20.71,19.41,18.17,17,15.88,14.83,13.84,12.9,12.02,11.19,10.41,9.67,8.99,8.35,7.75,7.19,6.67,6.18,5.73,5.3,4.91,4.55,4.21,3.89,3.6,3.33,3.08,2.85,2.63,2.43,2.25,2.07,1.92,1.77,1.63,1.51,1.39,1.29,1.19,1.1,1.01,0.93,0.86,0.8,0.73,0.68,0.62,0.58,0.53,0.49
Business,90.97,90.51,90.02,89.51,88.98,88.43,87.85,87.24,86.62,85.96,85.28,84.57,83.83,83.07,82.28,81.46,80.6,79.72,78.81,77.88,76.91,75.91,74.88,73.83,72.74,71.63,70.49,69.33,68.14,66.93,65.69,64.43,63.15,61.86,60.54,59.21,57.87,56.51,55.15,53.77,52.4,51.01,49.63,48.25,46.87,45.49,44.12,42.76,41.41,40.08,38.75,37.45,36.16,34.89,33.65,32.42,31.22,30.04,28.89,27.77,26.67,25.6,24.56,23.55,22.57,21.62,20.7,19.8,18.94,18.1,17.3,16.52,15.77,15.05,14.35,13.69,13.04,12.43,11.84,11.27,10.73,10.21,9.72,9.24,8.79,8.35,7.94,7.54,7.17,6.81,6.46,6.14,5.83,5.53,5.25,4.98,4.72,4.48,4.25,4.03,3.82
Chemistry,98.21,97.99,97.75,97.48,97.17,96.83,96.45,96.03,95.55,95.03,94.45,93.8,93.08,92.29,91.41,90.45,89.39,88.22,86.95,85.56,84.05,82.42,80.66,78.77,76.74,74.58,72.3,69.89,67.37,64.75,62.03,59.24,56.38,53.48,50.56,47.63,44.72,41.85,39.03,36.28,33.62,31.05,28.6,26.27,24.07,21.99,20.05,18.24,16.55,15,13.57,12.25,11.05,9.95,8.95,8.04,7.21,6.47,5.79,5.19,4.64,4.15,3.71,3.31,2.96,2.64,2.35,2.1,1.87,1.67,1.49,1.32,1.18,1.05,0.93,0.83,0.74,0.66,0.59,0.52,0.47,0.41,0.37,0.33,0.29,0.26,0.23,0.21,0.18,0.16,0.14,0.13,0.11,0.1,0.09,0.08,0.07,0.06,0.06,0.05,0.04
Chinese,91.48,91.02,90.55,90.05,89.53,88.99,88.42,87.83,87.21,86.57,85.89,85.19,84.46,83.7,82.92,82.1,81.25,80.37,79.46,78.52,77.55,76.55,75.51,74.45,73.36,72.24,71.08,69.91,68.7,67.47,66.21,64.93,63.63,62.31,60.97,59.61,58.24,56.86,55.46,54.06,52.65,51.23,49.82,48.4,46.98,45.58,44.17,42.78,41.4,40.03,38.68,37.34,36.03,34.73,33.46,32.21,30.98,29.78,28.61,27.47,26.35,25.27,24.21,23.19,22.19,21.23,20.3,19.4,18.53,17.69,16.88,16.09,15.34,14.62,13.93,13.26,12.62,12.01,11.43,10.86,10.33,9.81,9.32,8.86,8.41,7.98,7.58,7.19,6.82,6.47,6.13,5.81,5.51,5.22,4.95,4.69,4.44,4.21,3.99,3.78,3.57
Dance,78.94,77.99,77.02,76.02,74.99,73.93,72.84,71.73,70.58,69.41,68.21,66.99,65.75,64.48,63.2,61.89,60.57,59.23,57.88,56.51,55.14,53.76,52.37,50.98,49.58,48.19,46.8,45.42,44.04,42.67,41.31,39.97,38.64,37.33,36.03,34.76,33.5,32.27,31.07,29.89,28.73,27.6,26.5,25.43,24.39,23.38,22.39,21.44,20.52,19.62,18.76,17.92,17.12,16.34,15.59,14.87,14.18,13.52,12.88,12.27,11.68,11.12,10.58,10.06,9.57,9.1,8.65,8.22,7.81,7.41,7.04,6.68,6.34,6.02,5.71,5.42,5.14,4.88,4.62,4.38,4.16,3.94,3.74,3.54,3.35,3.18,3.01,2.85,2.7,2.56,2.42,2.3,2.17,2.06,1.95,1.85,1.75,1.65,1.57,1.48,1.4
Design,88.02,87.49,86.94,86.38,85.79,85.18,84.56,83.9,83.23,82.54,81.82,81.08,80.32,79.53,78.72,77.89,77.04,76.16,75.26,74.33,73.39,72.42,71.43,70.42,69.39,68.34,67.27,66.18,65.08,63.96,62.82,61.67,60.51,59.33,58.14,56.95,55.74,54.53,53.31,52.09,50.87,49.64,48.42,47.2,45.98,44.77,43.56,42.36,41.17,39.98,38.82,37.66,36.52,35.39,34.28,33.18,32.1,31.05,30.01,28.99,27.99,27.01,26.06,25.13,24.22,23.33,22.46,21.62,20.8,20.01,19.24,18.49,17.76,17.06,16.37,15.71,15.08,14.46,13.86,13.29,12.74,12.2,11.69,11.19,10.71,10.25,9.81,9.39,8.98,8.59,8.21,7.85,7.5,7.17,6.85,6.54,6.25,5.97,5.7,5.44,5.19
Digital Solutions,94.84,94.51,94.16,93.79,93.4,92.99,92.55,92.09,91.6,91.09,90.54,89.97,89.36,88.73,88.06,87.36,86.62,85.84,85.03,84.18,83.3,82.37,81.4,80.39,79.34,78.25,77.12,75.95,74.74,73.49,72.2,70.87,69.51,68.11,66.68,65.21,63.72,62.2,60.65,59.08,57.5,55.9,54.28,52.66,51.03,49.4,47.77,46.15,44.53,42.93,41.34,39.76,38.21,36.68,35.18,33.71,32.27,30.86,29.49,28.15,26.85,25.59,24.36,23.18,22.04,20.94,19.88,18.86,17.88,16.95,16.05,15.19,14.37,13.58,12.84,12.12,11.45,10.8,10.19,9.61,9.06,8.53,8.04,7.57,7.12,6.7,6.31,5.93,5.58,5.25,4.93,4.63,4.35,4.09,3.84,3.61,3.39,3.18,2.99,2.8,2.63
Drama,87.1,86.39,85.64,84.86,84.04,83.19,82.3,81.38,80.42,79.42,78.39,77.32,76.21,75.06,73.88,72.66,71.41,70.13,68.81,67.46,66.08,64.68,63.24,61.79,60.31,58.81,57.3,55.77,54.23,52.69,51.14,49.58,48.03,46.48,44.94,43.41,41.89,40.38,38.9,37.43,35.99,34.57,33.18,31.81,30.48,29.18,27.91,26.68,25.48,24.32,23.19,22.1,21.05,20.04,19.06,18.12,17.22,16.35,15.52,14.72,13.96,13.23,12.53,11.86,11.23,10.62,10.05,9.5,8.98,8.48,8.01,7.57,7.14,6.74,6.36,6,5.66,5.34,5.03,4.74,4.47,4.21,3.97,3.74,3.52,3.32,3.12,2.94,2.77,2.61,2.45,2.31,2.17,2.04,1.92,1.81,1.7,1.6,1.51,1.42,1.33
Earth and Environmental Science,93.13,92.54,91.91,91.24,90.51,89.72,88.89,87.99,87.03,86,84.91,83.75,82.52,81.21,79.83,78.38,76.86,75.26,73.58,71.84,70.03,68.15,66.21,64.22,62.18,60.09,57.96,55.81,53.63,51.44,49.24,47.05,44.87,42.7,40.57,38.47,36.41,34.4,32.44,30.55,28.72,26.95,25.26,23.63,22.08,20.61,19.21,17.88,16.63,15.44,14.33,13.28,12.3,11.39,10.53,9.73,8.99,8.29,7.65,7.05,6.49,5.98,5.51,5.07,4.66,4.28,3.94,3.62,3.32,3.05,2.8,2.57,2.36,2.17,1.99,1.82,1.67,1.53,1.41,1.29,1.18,1.08,0.99,0.91,0.84,0.77,0.7,0.64,0.59,0.54,0.49,0.45,0.42,0.38,0.35,0.32,0.29,0.27,0.25,0.22,0.21
Economics,97.75,97.55,97.34,97.12,96.87,96.61,96.32,96.01,95.68,95.31,94.92,94.5,94.05,93.56,93.03,92.47,91.86,91.21,90.51,89.77,88.97,88.11,87.2,86.24,85.21,84.12,82.96,81.74,80.45,79.09,77.67,76.17,74.62,72.99,71.3,69.55,67.74,65.87,63.96,62,60,57.96,55.9,53.82,51.72,49.62,47.52,45.43,43.36,41.3,39.28,37.29,35.35,33.45,31.61,29.82,28.09,26.42,24.82,23.28,21.81,20.41,19.08,17.82,16.62,15.49,14.42,13.41,12.46,11.57,10.74,9.96,9.23,8.55,7.92,7.32,6.77,6.26,5.78,5.34,4.93,4.55,4.2,3.88,3.57,3.3,3.04,2.8,2.58,2.38,2.19,2.02,1.86,1.71,1.57,1.45,1.33,1.23,1.13,1.04,0.96
Engineering,97.71,97.53,97.33,97.12,96.89,96.64,96.38,96.1,95.79,95.46,95.11,94.73,94.33,93.89,93.42,92.93,92.39,91.82,91.21,90.56,89.87,89.13,88.35,87.52,86.63,85.7,84.71,83.67,82.56,81.41,80.19,78.91,77.58,76.18,74.73,73.22,71.65,70.03,68.36,66.64,64.87,63.06,61.21,59.34,57.43,55.5,53.55,51.6,49.64,47.68,45.72,43.78,41.86,39.96,38.1,36.26,34.47,32.72,31.02,29.36,27.76,26.21,24.73,23.29,21.92,20.61,19.35,18.16,17.02,15.94,14.92,13.95,13.03,12.17,11.35,10.59,9.87,9.19,8.56,7.96,7.41,6.89,6.4,5.94,5.52,5.13,4.76,4.41,4.09,3.8,3.52,3.26,3.02,2.8,2.6,2.41,2.23,2.06,1.91,1.77,1.64
English,94.46,94.1,93.72,93.32,92.9,92.45,91.97,91.47,90.94,90.38,89.79,89.17,88.51,87.82,87.09,86.33,85.53,84.69,83.81,82.9,81.94,80.94,79.89,78.81,77.68,76.52,75.31,74.05,72.76,71.43,70.06,68.65,67.21,65.74,64.23,62.7,61.14,59.55,57.95,56.33,54.69,53.05,51.4,49.74,48.09,46.44,44.8,43.17,41.55,39.95,38.38,36.82,35.3,33.8,32.34,30.91,29.51,28.15,26.83,25.55,24.32,23.12,21.96,20.85,19.78,18.75,17.76,16.82,15.91,15.04,14.22,13.43,12.68,11.96,11.28,10.64,10.03,9.44,8.89,8.37,7.88,7.41,6.97,6.55,6.16,5.79,5.44,5.11,4.79,4.5,4.22,3.96,3.72,3.49,3.27,3.07,2.88,2.7,2.53,2.37,2.22
English and Literature Extension,96.11,95.81,95.5,95.16,94.8,94.42,94.01,93.57,93.1,92.59,92.06,91.49,90.88,90.24,89.55,88.82,88.05,87.23,86.36,85.45,84.49,83.47,82.4,81.28,80.1,78.87,77.58,76.24,74.84,73.39,71.89,70.34,68.74,67.09,65.4,63.67,61.91,60.11,58.29,56.44,54.57,52.69,50.81,48.92,47.03,45.15,43.29,41.44,39.62,37.83,36.07,34.35,32.66,31.02,29.43,27.88,26.39,24.95,23.56,22.23,20.95,19.72,18.55,17.44,16.38,15.37,14.41,13.5,12.65,11.83,11.07,10.35,9.67,9.03,8.42,7.86,7.33,6.83,6.37,5.93,5.52,5.14,4.79,4.45,4.14,3.85,3.58,3.33,3.09,2.88,2.67,2.48,2.31,2.14,1.99,1.85,1.71,1.59,1.48,1.37,1.27
English as an Additional Language,96.67,96.4,96.1,95.78,95.44,95.07,94.67,94.24,93.78,93.28,92.75,92.18,91.57,90.91,90.21,89.47,88.67,87.82,86.91,85.95,84.93,83.85,82.71,81.51,80.24,78.91,77.51,76.05,74.53,72.94,71.29,69.59,67.82,66.01,64.15,62.24,60.3,58.32,56.31,54.29,52.25,50.2,48.15,46.11,44.08,42.07,40.09,38.14,36.22,34.35,32.53,30.75,29.04,27.38,25.78,24.24,22.77,21.36,20.01,18.73,17.52,16.36,15.27,14.24,13.27,12.35,11.49,10.69,9.93,9.22,8.56,7.94,7.36,6.82,6.32,5.85,5.41,5.01,4.63,4.28,3.96,3.66,3.38,3.12,2.88,2.66,2.46,2.27,2.09,1.93,1.78,1.65,1.52,1.4,1.29,1.19,1.1,1.01,0.93,0.86,0.79
Film Television and New Media,84.24,83.54,82.8,82.05,81.26,80.45,79.61,78.75,77.86,76.94,76,75.03,74.04,73.02,71.98,70.91,69.82,68.7,67.56,66.41,65.23,64.03,62.81,61.58,60.34,59.08,57.8,56.52,55.23,53.93,52.63,51.32,50.01,48.7,47.4,46.09,44.79,43.5,42.22,40.95,39.69,38.44,37.21,35.99,34.8,33.62,32.46,31.32,30.21,29.11,28.04,27,25.98,24.99,24.02,23.07,22.16,21.27,20.4,19.57,18.75,17.97,17.21,16.48,15.77,15.09,14.43,13.79,13.18,12.59,12.03,11.48,10.96,10.46,9.98,9.52,9.08,8.66,8.25,7.86,7.49,7.14,6.8,6.47,6.16,5.87,5.58,5.31,5.06,4.81,4.58,4.35,4.14,3.94,3.74,3.56,3.38,3.22,3.06,2.91,2.76
Food and Nutrition,87.09,86.54,85.98,85.39,84.79,84.16,83.51,82.84,82.15,81.44,80.71,79.96,79.18,78.38,77.56,76.72,75.86,74.97,74.06,73.13,72.19,71.22,70.23,69.22,68.19,67.15,66.09,65.01,63.91,62.8,61.68,60.55,59.4,58.24,57.08,55.9,54.72,53.54,52.35,51.16,49.96,48.77,47.58,46.39,45.2,44.02,42.85,41.68,40.52,39.38,38.24,37.12,36.02,34.92,33.84,32.78,31.74,30.71,29.71,28.72,27.75,26.8,25.88,24.97,24.09,23.23,22.39,21.57,20.77,19.99,19.24,18.51,17.8,17.11,16.45,15.8,15.17,14.57,13.99,13.42,12.88,12.35,11.84,11.35,10.88,10.43,9.99,9.57,9.16,8.77,8.4,8.04,7.69,7.36,7.04,6.73,6.44,6.16,5.89,5.63,5.38
French,98.74,98.62,98.49,98.35,98.19,98.02,97.83,97.63,97.4,97.16,96.9,96.61,96.29,95.95,95.57,95.17,94.73,94.25,93.73,93.16,92.55,91.89,91.18,90.41,89.58,88.69,87.73,86.71,85.61,84.44,83.19,81.86,80.45,78.96,77.39,75.74,74.01,72.2,70.31,68.35,66.33,64.24,62.1,59.91,57.68,55.41,53.13,50.83,48.53,46.23,43.95,41.7,39.48,37.3,35.17,33.1,31.1,29.16,27.29,25.5,23.79,22.16,20.62,19.15,17.76,16.46,15.23,14.08,13,11.99,11.06,10.18,9.37,8.62,7.92,7.27,6.68,6.12,5.62,5.15,4.72,4.32,3.95,3.62,3.31,3.03,2.77,2.53,2.31,2.11,1.93,1.77,1.61,1.47,1.34,1.23,1.12,1.02,0.93,0.85,0.78
General Mathematics,88.57,88.05,87.51,86.94,86.36,85.75,85.12,84.46,83.79,83.08,82.36,81.61,80.84,80.04,79.22,78.37,77.5,76.6,75.68,74.73,73.77,72.77,71.76,70.72,69.66,68.57,67.47,66.35,65.21,64.05,62.87,61.68,60.47,59.26,58.03,56.79,55.54,54.28,53.02,51.76,50.49,49.22,47.96,46.69,45.43,44.18,42.93,41.69,40.47,39.25,38.05,36.86,35.69,34.53,33.4,32.28,31.18,30.1,29.05,28.01,27,26.01,25.05,24.11,23.19,22.3,21.44,20.59,19.78,18.98,18.22,17.47,16.75,16.06,15.39,14.74,14.11,13.51,12.93,12.37,11.83,11.31,10.81,10.33,9.87,9.43,9,8.6,8.21,7.83,7.47,7.13,6.8,6.49,6.19,5.9,5.62,5.36,5.11,4.87,4.64
Geography,94.83,94.5,94.15,93.78,93.4,92.98,92.55,92.09,91.6,91.09,90.54,89.97,89.37,88.74,88.07,87.37,86.64,85.87,85.06,84.21,83.33,82.41,81.45,80.44,79.4,78.32,77.19,76.03,74.82,73.58,72.3,70.98,69.62,68.23,66.8,65.35,63.86,62.35,60.81,59.25,57.67,56.08,54.47,52.86,51.24,49.61,47.99,46.37,44.76,43.16,41.57,40,38.45,36.92,35.42,33.95,32.51,31.1,29.73,28.39,27.08,25.82,24.59,23.41,22.26,21.16,20.1,19.07,18.09,17.15,16.24,15.38,14.55,13.76,13.01,12.29,11.61,10.96,10.34,9.75,9.19,8.67,8.16,7.69,7.24,6.82,6.42,6.04,5.68,5.34,5.02,4.72,4.44,4.17,3.92,3.68,3.46,3.25,3.05,2.86,2.69
German,98.39,98.23,98.05,97.86,97.64,97.41,97.15,96.87,96.57,96.23,95.86,95.46,95.03,94.55,94.03,93.46,92.84,92.17,91.44,90.66,89.8,88.88,87.89,86.82,85.67,84.44,83.13,81.73,80.24,78.66,76.99,75.23,73.38,71.45,69.43,67.34,65.18,62.95,60.67,58.34,55.97,53.57,51.16,48.74,46.32,43.93,41.56,39.23,36.95,34.72,32.56,30.47,28.46,26.53,24.69,22.93,21.27,19.69,18.21,16.81,15.5,14.27,13.13,12.07,11.08,10.16,9.31,8.52,7.8,7.13,6.51,5.95,5.43,4.95,4.52,4.12,3.75,3.42,3.11,2.83,2.58,2.35,2.13,1.94,1.77,1.61,1.46,1.33,1.21,1.1,1,0.9,0.82,0.75,0.68,0.62,0.56,0.51,0.46,0.42,0.38
Health,88.65,88.12,87.56,86.99,86.39,85.77,85.12,84.45,83.76,83.04,82.3,81.53,80.74,79.92,79.08,78.21,77.31,76.39,75.44,74.47,73.47,72.44,71.4,70.33,69.23,68.12,66.98,65.83,64.65,63.46,62.25,61.02,59.78,58.53,57.26,55.99,54.71,53.42,52.13,50.83,49.54,48.24,46.95,45.66,44.38,43.1,41.84,40.58,39.34,38.11,36.89,35.69,34.51,33.35,32.21,31.09,29.99,28.91,27.85,26.82,25.82,24.84,23.88,22.95,22.05,21.17,20.32,19.49,18.69,17.92,17.17,16.44,15.74,15.07,14.42,13.79,13.18,12.6,12.04,11.5,10.99,10.49,10.01,9.55,9.12,8.69,8.29,7.91,7.54,7.18,6.85,6.52,6.21,5.92,5.64,5.37,5.11,4.86,4.63,4.41,4.19
Italian,96.83,96.6,96.35,96.09,95.81,95.51,95.19,94.85,94.49,94.1,93.68,93.24,92.78,92.28,91.75,91.19,90.59,89.96,89.29,88.58,87.83,87.04,86.2,85.32,84.39,83.42,82.4,81.33,80.21,79.04,77.82,76.55,75.24,73.87,72.45,70.99,69.48,67.94,66.35,64.72,63.05,61.36,59.64,57.89,56.12,54.34,52.55,50.75,48.95,47.15,45.36,43.58,41.81,40.07,38.35,36.66,35.01,33.39,31.8,30.26,28.76,27.31,25.9,24.54,23.23,21.97,20.76,19.6,18.49,17.43,16.41,15.45,14.53,13.66,12.83,12.04,11.3,10.6,9.93,9.31,8.72,8.16,7.64,7.14,6.68,6.24,5.84,5.45,5.09,4.75,4.44,4.14,3.87,3.61,3.36,3.14,2.93,2.73,2.54,2.37,2.21
Japanese,95.88,95.61,95.32,95.02,94.7,94.36,93.99,93.61,93.2,92.77,92.31,91.83,91.32,90.78,90.21,89.61,88.98,88.31,87.61,86.88,86.11,85.3,84.45,83.56,82.63,81.66,80.65,79.59,78.5,77.36,76.18,74.96,73.7,72.4,71.05,69.68,68.26,66.81,65.33,63.81,62.27,60.71,59.12,57.51,55.89,54.25,52.6,50.95,49.3,47.65,46,44.36,42.74,41.12,39.53,37.96,36.42,34.9,33.41,31.96,30.54,29.15,27.81,26.5,25.23,24,22.82,21.67,20.57,19.51,18.49,17.52,16.58,15.69,14.83,14.01,13.24,12.49,11.79,11.12,10.48,9.88,9.3,8.76,8.25,7.76,7.3,6.86,6.45,6.06,5.7,5.35,5.03,4.72,4.43,4.16,3.9,3.66,3.44,3.22,3.02
Korean,93.47,93.14,92.79,92.43,92.06,91.66,91.25,90.82,90.37,89.9,89.41,88.9,88.37,87.82,87.24,86.64,86.02,85.38,84.71,84.01,83.29,82.54,81.77,80.97,80.14,79.29,78.41,77.51,76.57,75.61,74.63,73.62,72.58,71.52,70.43,69.32,68.19,67.03,65.86,64.66,63.45,62.22,60.97,59.71,58.43,57.15,55.85,54.55,53.24,51.92,50.61,49.29,47.97,46.66,45.35,44.04,42.75,41.46,40.19,38.93,37.68,36.45,35.24,34.04,32.87,31.72,30.59,29.48,28.39,27.33,26.3,25.29,24.31,23.35,22.42,21.52,20.64,19.79,18.96,18.17,17.4,16.65,15.93,15.24,14.57,13.93,13.31,12.71,12.14,11.58,11.05,10.55,10.06,9.59,9.14,8.72,8.31,7.91,7.54,7.18,6.83
Legal Studies,92.73,92.35,91.95,91.54,91.11,90.65,90.18,89.68,89.16,88.62,88.06,87.47,86.86,86.22,85.56,84.86,84.15,83.4,82.63,81.83,81,80.14,79.26,78.34,77.4,76.43,75.43,74.4,73.34,72.25,71.14,70.01,68.84,67.66,66.45,65.21,63.96,62.69,61.4,60.09,58.77,57.44,56.09,54.74,53.38,52.01,50.65,49.28,47.91,46.54,45.18,43.83,42.49,41.15,39.83,38.53,37.24,35.97,34.72,33.49,32.28,31.09,29.93,28.79,27.68,26.6,25.54,24.52,23.52,22.55,21.6,20.69,19.81,18.95,18.12,17.32,16.55,15.81,15.09,14.41,13.74,13.11,12.5,11.91,11.35,10.81,10.29,9.8,9.32,8.87,8.44,8.02,7.63,7.25,6.89,6.55,6.22,5.91,5.61,5.33,5.06
Literature,96.48,96.2,95.89,95.56,95.2,94.82,94.4,93.96,93.48,92.97,92.42,91.83,91.2,90.53,89.81,89.05,88.23,87.36,86.44,85.46,84.43,83.33,82.18,80.96,79.68,78.33,76.92,75.45,73.92,72.33,70.68,68.97,67.21,65.4,63.54,61.65,59.71,57.75,55.76,53.75,51.73,49.7,47.68,45.66,43.66,41.68,39.72,37.8,35.91,34.07,32.27,30.53,28.83,27.2,25.62,24.11,22.66,21.27,19.94,18.68,17.48,16.34,15.26,14.24,13.28,12.38,11.52,10.72,9.97,9.27,8.61,7.99,7.41,6.88,6.38,5.91,5.47,5.07,4.69,4.34,4.02,3.72,3.44,3.18,2.94,2.72,2.51,2.32,2.14,1.98,1.83,1.69,1.56,1.44,1.33,1.23,1.13,1.04,0.96,0.89,0.82
Marine Science,92.7,92.17,91.61,91.01,90.37,89.69,88.97,88.21,87.39,86.54,85.63,84.67,83.67,82.6,81.49,80.32,79.1,77.82,76.48,75.1,73.65,72.16,70.61,69.02,67.38,65.69,63.97,62.2,60.41,58.58,56.74,54.87,52.99,51.1,49.21,47.32,45.44,43.57,41.72,39.89,38.09,36.32,34.59,32.9,31.25,29.65,28.09,26.59,25.14,23.74,22.4,21.11,19.88,18.7,17.58,16.51,15.49,14.52,13.61,12.74,11.93,11.15,10.42,9.74,9.09,8.49,7.92,7.38,6.88,6.41,5.97,5.56,5.18,4.82,4.48,4.17,3.88,3.6,3.35,3.11,2.89,2.69,2.5,2.32,2.15,2,1.86,1.72,1.6,1.49,1.38,1.28,1.19,1.1,1.02,0.95,0.88,0.82,0.76,0.7,0.65
Mathematical Methods,97.66,97.49,97.31,97.12,96.91,96.69,96.45,96.2,95.93,95.64,95.33,95,94.65,94.28,93.88,93.46,93.01,92.53,92.02,91.47,90.9,90.29,89.64,88.96,88.24,87.48,86.67,85.82,84.93,83.99,83.01,81.97,80.89,79.76,78.58,77.35,76.07,74.75,73.37,71.95,70.49,68.98,67.43,65.83,64.21,62.55,60.86,59.14,57.4,55.64,53.87,52.09,50.3,48.51,46.73,44.95,43.19,41.44,39.72,38.02,36.35,34.71,33.11,31.54,30.02,28.54,27.1,25.71,24.37,23.07,21.83,20.63,19.48,18.39,17.34,16.34,15.38,14.47,13.61,12.79,12.01,11.28,10.58,9.92,9.3,8.72,8.16,7.64,7.15,6.69,6.26,5.85,5.47,5.11,4.78,4.46,4.17,3.89,3.63,3.39,3.16
Modern History,94.02,93.62,93.19,92.73,92.25,91.74,91.2,90.62,90.01,89.37,88.69,87.97,87.21,86.42,85.58,84.7,83.78,82.81,81.79,80.74,79.63,78.48,77.28,76.03,74.74,73.41,72.02,70.6,69.14,67.63,66.09,64.51,62.9,61.27,59.6,57.92,56.21,54.49,52.76,51.02,49.28,47.54,45.81,44.09,42.38,40.69,39.02,37.38,35.77,34.18,32.64,31.12,29.65,28.22,26.83,25.49,24.19,22.94,21.73,20.57,19.45,18.39,17.37,16.39,15.46,14.57,13.73,12.92,12.16,11.43,10.75,10.1,9.48,8.9,8.35,7.84,7.35,6.89,6.46,6.05,5.66,5.3,4.96,4.65,4.35,4.07,3.8,3.56,3.33,3.11,2.91,2.72,2.54,2.37,2.22,2.07,1.93,1.81,1.69,1.57,1.47
Music,88.05,87.39,86.7,85.98,85.22,84.44,83.61,82.76,81.87,80.94,79.97,78.97,77.94,76.87,75.76,74.62,73.44,72.23,70.98,69.7,68.39,67.05,65.69,64.29,62.87,61.43,59.97,58.49,57,55.49,53.97,52.44,50.91,49.38,47.85,46.33,44.81,43.3,41.8,40.31,38.85,37.4,35.98,34.58,33.21,31.86,30.55,29.26,28.01,26.79,25.61,24.46,23.34,22.27,21.22,20.22,19.25,18.31,17.41,16.55,15.72,14.93,14.16,13.44,12.74,12.07,11.44,10.83,10.25,9.7,9.18,8.68,8.21,7.76,7.33,6.92,6.54,6.18,5.83,5.5,5.19,4.9,4.62,4.36,4.11,3.87,3.65,3.44,3.25,3.06,2.88,2.72,2.56,2.41,2.27,2.14,2.01,1.9,1.78,1.68,1.58
Music Extension (Composition),87.01,86.32,85.61,84.86,84.08,83.27,82.43,81.56,80.65,79.7,78.73,77.72,76.67,75.59,74.48,73.34,72.16,70.96,69.72,68.45,67.16,65.84,64.49,63.12,61.73,60.32,58.89,57.44,55.99,54.52,53.05,51.57,50.08,48.6,47.12,45.65,44.18,42.72,41.28,39.85,38.43,37.04,35.67,34.32,32.99,31.69,30.42,29.18,27.97,26.79,25.65,24.53,23.45,22.4,21.39,20.41,19.46,18.55,17.67,16.82,16.01,15.22,14.47,13.76,13.07,12.41,11.78,11.17,10.6,10.05,9.53,9.03,8.55,8.1,7.67,7.26,6.87,6.5,6.15,5.81,5.5,5.2,4.91,4.64,4.39,4.15,3.92,3.7,3.49,3.3,3.11,2.94,2.78,2.62,2.47,2.33,2.2,2.08,1.96,1.85,1.74
Music Extension (Performance),83.59,82.73,81.84,80.91,79.94,78.94,77.91,76.84,75.73,74.58,73.41,72.19,70.95,69.67,68.36,67.02,65.65,64.26,62.84,61.4,59.93,58.45,56.96,55.45,53.93,52.41,50.88,49.35,47.82,46.29,44.77,43.26,41.77,40.28,38.82,37.37,35.95,34.55,33.18,31.84,30.52,29.24,27.99,26.77,25.59,24.44,23.33,22.25,21.21,20.2,19.23,18.3,17.4,16.54,15.71,14.91,14.15,13.43,12.73,12.06,11.43,10.82,10.25,9.7,9.17,8.68,8.2,7.75,7.33,6.92,6.54,6.17,5.83,5.5,5.19,4.9,4.62,4.36,4.11,3.87,3.65,3.44,3.24,3.06,2.88,2.71,2.56,2.41,2.27,2.14,2.01,1.9,1.78,1.68,1.58,1.49,1.4,1.32,1.24,1.17,1.1
Philosophy and Reason,96.96,96.73,96.48,96.22,95.94,95.63,95.31,94.96,94.59,94.19,93.77,93.31,92.83,92.31,91.76,91.18,90.55,89.89,89.19,88.44,87.65,86.81,85.93,85,84.01,82.98,81.89,80.75,79.55,78.3,77,75.64,74.23,72.77,71.25,69.69,68.08,66.43,64.73,63,61.23,59.43,57.61,55.76,53.9,52.03,50.15,48.27,46.4,44.54,42.69,40.86,39.06,37.29,35.55,33.84,32.18,30.56,28.99,27.47,26,24.58,23.21,21.9,20.64,19.44,18.29,17.19,16.15,15.16,14.22,13.32,12.48,11.68,10.93,10.22,9.55,8.92,8.33,7.77,7.25,6.76,6.3,5.87,5.47,5.1,4.74,4.42,4.11,3.82,3.56,3.31,3.08,2.86,2.66,2.47,2.3,2.13,1.98,1.84,1.71
Physical Education,87.57,86.97,86.35,85.7,85.03,84.34,83.62,82.87,82.09,81.29,80.46,79.6,78.71,77.8,76.86,75.89,74.9,73.87,72.82,71.75,70.65,69.52,68.37,67.2,66,64.79,63.56,62.3,61.03,59.75,58.45,57.14,55.82,54.5,53.16,51.82,50.48,49.14,47.8,46.46,45.13,43.8,42.48,41.18,39.88,38.6,37.34,36.09,34.86,33.65,32.47,31.3,30.16,29.04,27.95,26.88,25.83,24.82,23.83,22.87,21.94,21.03,20.15,19.3,18.48,17.69,16.92,16.18,15.46,14.77,14.11,13.47,12.86,12.27,11.7,11.16,10.64,10.14,9.66,9.2,8.76,8.34,7.94,7.56,7.19,6.84,6.51,6.19,5.88,5.59,5.32,5.05,4.8,4.56,4.33,4.12,3.91,3.71,3.52,3.35,3.18
Physics,98.09,97.87,97.62,97.35,97.05,96.71,96.34,95.92,95.47,94.96,94.4,93.78,93.1,92.35,91.52,90.62,89.63,88.55,87.37,86.09,84.71,83.21,81.59,79.86,78.01,76.05,73.96,71.76,69.45,67.04,64.54,61.95,59.29,56.58,53.83,51.05,48.27,45.5,42.76,40.06,37.42,34.85,32.37,29.98,27.7,25.53,23.47,21.53,19.71,18.01,16.42,14.95,13.59,12.33,11.18,10.12,9.15,8.27,7.46,6.73,6.06,5.46,4.91,4.42,3.97,3.57,3.2,2.88,2.58,2.32,2.08,1.86,1.67,1.5,1.34,1.2,1.08,0.96,0.86,0.77,0.69,0.62,0.55,0.5,0.44,0.4,0.36,0.32,0.29,0.26,0.23,0.2,0.18,0.16,0.15,0.13,0.12,0.1,0.09,0.08,0.08
Psychology,92.08,91.5,90.88,90.23,89.53,88.79,88,87.17,86.29,85.36,84.37,83.34,82.25,81.1,79.9,78.64,77.32,75.95,74.52,73.04,71.5,69.92,68.28,66.6,64.87,63.11,61.3,59.47,57.61,55.73,53.83,51.92,50.01,48.09,46.18,44.28,42.4,40.54,38.71,36.91,35.14,33.42,31.73,30.1,28.51,26.97,25.49,24.06,22.69,21.37,20.11,18.91,17.76,16.67,15.63,14.65,13.72,12.84,12,11.22,10.47,9.78,9.12,8.51,7.93,7.39,6.88,6.4,5.96,5.54,5.16,4.79,4.46,4.14,3.85,3.57,3.32,3.08,2.86,2.66,2.46,2.29,2.12,1.97,1.83,1.69,1.57,1.46,1.35,1.25,1.16,1.08,1,0.92,0.86,0.79,0.74,0.68,0.63,0.59,0.54
Spanish,94.96,94.65,94.33,93.98,93.61,93.22,92.81,92.38,91.92,91.44,90.94,90.4,89.84,89.25,88.63,87.98,87.29,86.58,85.83,85.04,84.22,83.36,82.47,81.54,80.57,79.56,78.52,77.43,76.31,75.15,73.95,72.72,71.45,70.15,68.81,67.44,66.04,64.61,63.15,61.67,60.17,58.65,57.11,55.55,53.99,52.42,50.84,49.27,47.69,46.12,44.55,43,41.46,39.94,38.44,36.95,35.5,34.06,32.66,31.29,29.95,28.64,27.37,26.13,24.93,23.77,22.65,21.56,20.51,19.5,18.53,17.6,16.7,15.84,15.02,14.23,13.48,12.76,12.07,11.42,10.79,10.2,9.64,9.1,8.59,8.11,7.65,7.22,6.81,6.42,6.05,5.7,5.37,5.06,4.76,4.48,4.22,3.97,3.74,3.52,3.31
Specialist Mathematics,98.98,98.89,98.78,98.66,98.54,98.4,98.25,98.08,97.9,97.71,97.49,97.26,97,96.73,96.42,96.09,95.73,95.34,94.92,94.46,93.96,93.41,92.83,92.19,91.51,90.77,89.97,89.11,88.19,87.2,86.14,85.01,83.8,82.52,81.16,79.71,78.19,76.59,74.9,73.14,71.3,69.39,67.41,65.36,63.26,61.11,58.91,56.67,54.41,52.12,49.83,47.54,45.26,43,40.77,38.58,36.43,34.33,32.3,30.33,28.42,26.6,24.85,23.17,21.58,20.07,18.64,17.29,16.02,14.82,13.7,12.65,11.67,10.76,9.91,9.12,8.39,7.71,7.08,6.5,5.97,5.47,5.02,4.6,4.21,3.86,3.53,3.23,2.96,2.71,2.47,2.26,2.07,1.89,1.73,1.58,1.44,1.32,1.2,1.1,1
Study of religion,94.98,94.63,94.26,93.87,93.45,93,92.52,92.02,91.48,90.92,90.32,89.68,89,88.29,87.54,86.75,85.91,85.04,84.11,83.14,82.13,81.07,79.96,78.8,77.59,76.34,75.03,73.68,72.29,70.85,69.37,67.84,66.28,64.68,63.05,61.38,59.69,57.98,56.25,54.5,52.74,50.97,49.2,47.43,45.67,43.92,42.19,40.47,38.78,37.11,35.48,33.87,32.31,30.78,29.29,27.85,26.45,25.1,23.79,22.53,21.32,20.16,19.04,17.97,16.95,15.98,15.05,14.17,13.33,12.53,11.78,11.06,10.39,9.75,9.14,8.57,8.03,7.52,7.05,6.6,6.17,5.78,5.4,5.05,4.72,4.41,4.13,3.85,3.6,3.36,3.14,2.93,2.74,2.55,2.38,2.23,2.08,1.94,1.81,1.69,1.57
Vietnamese,88.78,88.18,87.55,86.89,86.2,85.49,84.74,83.96,83.15,82.31,81.43,80.52,79.58,78.61,77.6,76.56,75.48,74.37,73.23,72.06,70.86,69.63,68.36,67.08,65.76,64.42,63.06,61.67,60.27,58.85,57.41,55.97,54.51,53.04,51.57,50.1,48.62,47.15,45.68,44.22,42.77,41.34,39.92,38.51,37.12,35.76,34.41,33.09,31.8,30.54,29.3,28.09,26.92,25.77,24.66,23.58,22.54,21.52,20.54,19.6,18.68,17.81,16.96,16.14,15.36,14.61,13.89,13.2,12.54,11.91,11.3,10.72,10.17,9.64,9.14,8.66,8.21,7.78,7.36,6.97,6.6,6.24,5.91,5.59,5.28,5,4.72,4.47,4.22,3.99,3.77,3.56,3.36,3.18,3,2.83,2.68,2.53,2.39,2.25,2.13
Visual Art,87.52,86.97,86.39,85.8,85.18,84.54,83.88,83.19,82.48,81.75,80.99,80.21,79.41,78.58,77.73,76.86,75.96,75.04,74.09,73.13,72.13,71.12,70.09,69.03,67.96,66.86,65.75,64.62,63.47,62.31,61.13,59.94,58.73,57.52,56.3,55.07,53.83,52.59,51.35,50.1,48.86,47.61,46.37,45.13,43.9,42.68,41.46,40.26,39.07,37.89,36.72,35.57,34.44,33.32,32.22,31.14,30.08,29.05,28.03,27.04,26.06,25.11,24.19,23.29,22.41,21.55,20.72,19.92,19.13,18.37,17.64,16.92,16.24,15.57,14.92,14.3,13.7,13.12,12.57,12.03,11.51,11.01,10.53,10.07,9.63,9.21,8.8,8.41,8.03,7.67,7.32,6.99,6.67,6.37,6.08,5.8,5.53,5.28,5.04,4.8,4.58
